userId,email
1,user1@gmail.com
2,user2@gmail.com
3,user3@gmail.com
4,user4@gmail.com
5,user5@gmail.com
6,user6@gmail.com
7,user7@gmail.com
8,user8@gmail.com
9,user9@gmail.com
10,user10@gmail.com
11,user11@gmail.com
12,user12@gmail.com
13,user13@gmail.com
14,user14@gmail.com
15,user15@gmail.com
16,user16@gmail.com
17,user17@gmail.com
18,user18@gmail.com
19,user19@gmail.com
20,user20@gmail.com
21,user21@gmail.com
22,user22@gmail.com
23,user23@gmail.com
24,user24@gmail.com
25,user25@gmail.com
26,user26@gmail.com
27,user27@gmail.com
28,user28@gmail.com
29,user29@gmail.com
30,user30@gmail.com
31,user31@gmail.com
32,user32@gmail.com
33,user33@gmail.com
34,user34@gmail.com
35,user35@gmail.com
36,user36@gmail.com
37,user37@gmail.com
38,user38@gmail.com
39,user39@gmail.com
40,user40@gmail.com
41,user41@gmail.com
42,user42@gmail.com
43,user43@gmail.com
44,user44@gmail.com
45,user45@gmail.com
46,user46@gmail.com
47,user47@gmail.com
48,user48@gmail.com
49,user49@gmail.com
50,user50@gmail.com
51,user51@gmail.com
52,user52@gmail.com
53,user53@gmail.com
54,user54@gmail.com
55,user55@gmail.com
56,user56@gmail.com
57,user57@gmail.com
58,user58@gmail.com
59,user59@gmail.com
60,user60@gmail.com
61,user61@gmail.com
62,user62@gmail.com
63,user63@gmail.com
64,user64@gmail.com
65,user65@gmail.com
66,user66@gmail.com
67,user67@gmail.com
68,user68@gmail.com
69,user69@gmail.com
70,user70@gmail.com
71,user71@gmail.com
72,user72@gmail.com
73,user73@gmail.com
74,user74@gmail.com
75,user75@gmail.com
76,user76@gmail.com
77,user77@gmail.com
78,user78@gmail.com
79,user79@gmail.com
80,user80@gmail.com
81,user81@gmail.com
82,user82@gmail.com
83,user83@gmail.com
84,user84@gmail.com
85,user85@gmail.com
86,user86@gmail.com
87,user87@gmail.com
88,user88@gmail.com
89,user89@gmail.com
90,user90@gmail.com
91,user91@gmail.com
92,user92@gmail.com
93,user93@gmail.com
94,user94@gmail.com
95,user95@gmail.com
96,user96@gmail.com
97,user97@gmail.com
98,user98@gmail.com
99,user99@gmail.com
100,user100@gmail.com
101,user101@gmail.com
102,user102@gmail.com
103,user103@gmail.com
104,user104@gmail.com
105,user105@gmail.com
106,user106@gmail.com
107,user107@gmail.com
108,user108@gmail.com
109,user109@gmail.com
110,user110@gmail.com
111,user111@gmail.com
112,user112@gmail.com
113,user113@gmail.com
114,user114@gmail.com
115,user115@gmail.com
116,user116@gmail.com
117,user117@gmail.com
118,user118@gmail.com
119,user119@gmail.com
120,user120@gmail.com
121,user121@gmail.com
122,user122@gmail.com
123,user123@gmail.com
124,user124@gmail.com
125,user125@gmail.com
126,user126@gmail.com
127,user127@gmail.com
128,user128@gmail.com
129,user129@gmail.com
130,user130@gmail.com
131,user131@gmail.com
132,user132@gmail.com
133,user133@gmail.com
134,user134@gmail.com
135,user135@gmail.com
136,user136@gmail.com
137,user137@gmail.com
138,user138@gmail.com
139,user139@gmail.com
140,user140@gmail.com
141,user141@gmail.com
142,user142@gmail.com
143,user143@gmail.com
144,user144@gmail.com
145,user145@gmail.com
146,user146@gmail.com
147,user147@gmail.com
148,user148@gmail.com
149,user149@gmail.com
150,user150@gmail.com
151,user151@gmail.com
152,user152@gmail.com
153,user153@gmail.com
154,user154@gmail.com
155,user155@gmail.com
156,user156@gmail.com
157,user157@gmail.com
158,user158@gmail.com
159,user159@gmail.com
160,user160@gmail.com
161,user161@gmail.com
162,user162@gmail.com
163,user163@gmail.com
164,user164@gmail.com
165,user165@gmail.com
166,user166@gmail.com
167,user167@gmail.com
168,user168@gmail.com
169,user169@gmail.com
170,user170@gmail.com
171,user171@gmail.com
172,user172@gmail.com
173,user173@gmail.com
174,user174@gmail.com
175,user175@gmail.com
176,user176@gmail.com
177,user177@gmail.com
178,user178@gmail.com
179,user179@gmail.com
180,user180@gmail.com
181,user181@gmail.com
182,user182@gmail.com
183,user183@gmail.com
184,user184@gmail.com
185,user185@gmail.com
186,user186@gmail.com
187,user187@gmail.com
188,user188@gmail.com
189,user189@gmail.com
190,user190@gmail.com
191,user191@gmail.com
192,user192@gmail.com
193,user193@gmail.com
194,user194@gmail.com
195,user195@gmail.com
196,user196@gmail.com
197,user197@gmail.com
198,user198@gmail.com
199,user199@gmail.com
200,user200@gmail.com
201,user201@gmail.com
202,user202@gmail.com
203,user203@gmail.com
204,user204@gmail.com
205,user205@gmail.com
206,user206@gmail.com
207,user207@gmail.com
208,user208@gmail.com
209,user209@gmail.com
210,user210@gmail.com
211,user211@gmail.com
212,user212@gmail.com
213,user213@gmail.com
214,user214@gmail.com
215,user215@gmail.com
216,user216@gmail.com
217,user217@gmail.com
218,user218@gmail.com
219,user219@gmail.com
220,user220@gmail.com
221,user221@gmail.com
222,user222@gmail.com
223,user223@gmail.com
224,user224@gmail.com
225,user225@gmail.com
226,user226@gmail.com
227,user227@gmail.com
228,user228@gmail.com
229,user229@gmail.com
230,user230@gmail.com
231,user231@gmail.com
232,user232@gmail.com
233,user233@gmail.com
234,user234@gmail.com
235,user235@gmail.com
236,user236@gmail.com
237,user237@gmail.com
238,user238@gmail.com
239,user239@gmail.com
240,user240@gmail.com
241,user241@gmail.com
242,user242@gmail.com
243,user243@gmail.com
244,user244@gmail.com
245,user245@gmail.com
246,user246@gmail.com
247,user247@gmail.com
248,user248@gmail.com
249,user249@gmail.com
250,user250@gmail.com
251,user251@gmail.com
252,user252@gmail.com
253,user253@gmail.com
254,user254@gmail.com
255,user255@gmail.com
256,user256@gmail.com
257,user257@gmail.com
258,user258@gmail.com
259,user259@gmail.com
260,user260@gmail.com
261,user261@gmail.com
262,user262@gmail.com
263,user263@gmail.com
264,user264@gmail.com
265,user265@gmail.com
266,user266@gmail.com
267,user267@gmail.com
268,user268@gmail.com
269,user269@gmail.com
270,user270@gmail.com
271,user271@gmail.com
272,user272@gmail.com
273,user273@gmail.com
274,user274@gmail.com
275,user275@gmail.com
276,user276@gmail.com
277,user277@gmail.com
278,user278@gmail.com
279,user279@gmail.com
280,user280@gmail.com
281,user281@gmail.com
282,user282@gmail.com
283,user283@gmail.com
284,user284@gmail.com
285,user285@gmail.com
286,user286@gmail.com
287,user287@gmail.com
288,user288@gmail.com
289,user289@gmail.com
290,user290@gmail.com
291,user291@gmail.com
292,user292@gmail.com
293,user293@gmail.com
294,user294@gmail.com
295,user295@gmail.com
296,user296@gmail.com
297,user297@gmail.com
298,user298@gmail.com
299,user299@gmail.com
300,user300@gmail.com
301,user301@gmail.com
302,user302@gmail.com
303,user303@gmail.com
304,user304@gmail.com
305,user305@gmail.com
306,user306@gmail.com
307,user307@gmail.com
308,user308@gmail.com
309,user309@gmail.com
310,user310@gmail.com
311,user311@gmail.com
312,user312@gmail.com
313,user313@gmail.com
314,user314@gmail.com
315,user315@gmail.com
316,user316@gmail.com
317,user317@gmail.com
318,user318@gmail.com
319,user319@gmail.com
320,user320@gmail.com
321,user321@gmail.com
322,user322@gmail.com
323,user323@gmail.com
324,user324@gmail.com
325,user325@gmail.com
326,user326@gmail.com
327,user327@gmail.com
328,user328@gmail.com
329,user329@gmail.com
330,user330@gmail.com
331,user331@gmail.com
332,user332@gmail.com
333,user333@gmail.com
334,user334@gmail.com
335,user335@gmail.com
336,user336@gmail.com
337,user337@gmail.com
338,user338@gmail.com
339,user339@gmail.com
340,user340@gmail.com
341,user341@gmail.com
342,user342@gmail.com
343,user343@gmail.com
344,user344@gmail.com
345,user345@gmail.com
346,user346@gmail.com
347,user347@gmail.com
348,user348@gmail.com
349,user349@gmail.com
350,user350@gmail.com
351,user351@gmail.com
352,user352@gmail.com
353,user353@gmail.com
354,user354@gmail.com
355,user355@gmail.com
356,user356@gmail.com
357,user357@gmail.com
358,user358@gmail.com
359,user359@gmail.com
360,user360@gmail.com
361,user361@gmail.com
362,user362@gmail.com
363,user363@gmail.com
364,user364@gmail.com
365,user365@gmail.com
366,user366@gmail.com
367,user367@gmail.com
368,user368@gmail.com
369,user369@gmail.com
370,user370@gmail.com
371,user371@gmail.com
372,user372@gmail.com
373,user373@gmail.com
374,user374@gmail.com
375,user375@gmail.com
376,user376@gmail.com
377,user377@gmail.com
378,user378@gmail.com
379,user379@gmail.com
380,user380@gmail.com
381,user381@gmail.com
382,user382@gmail.com
383,user383@gmail.com
384,user384@gmail.com
385,user385@gmail.com
386,user386@gmail.com
387,user387@gmail.com
388,user388@gmail.com
389,user389@gmail.com
390,user390@gmail.com
391,user391@gmail.com
392,user392@gmail.com
393,user393@gmail.com
394,user394@gmail.com
395,user395@gmail.com
396,user396@gmail.com
397,user397@gmail.com
398,user398@gmail.com
399,user399@gmail.com
400,user400@gmail.com
401,user401@gmail.com
402,user402@gmail.com
403,user403@gmail.com
404,user404@gmail.com
405,user405@gmail.com
406,user406@gmail.com
407,user407@gmail.com
408,user408@gmail.com
409,user409@gmail.com
410,user410@gmail.com
411,user411@gmail.com
412,user412@gmail.com
413,user413@gmail.com
414,user414@gmail.com
415,user415@gmail.com
416,user416@gmail.com
417,user417@gmail.com
418,user418@gmail.com
419,user419@gmail.com
420,user420@gmail.com
421,user421@gmail.com
422,user422@gmail.com
423,user423@gmail.com
424,user424@gmail.com
425,user425@gmail.com
426,user426@gmail.com
427,user427@gmail.com
428,user428@gmail.com
429,user429@gmail.com
430,user430@gmail.com
431,user431@gmail.com
432,user432@gmail.com
433,user433@gmail.com
434,user434@gmail.com
435,user435@gmail.com
436,user436@gmail.com
437,user437@gmail.com
438,user438@gmail.com
439,user439@gmail.com
440,user440@gmail.com
441,user441@gmail.com
442,user442@gmail.com
443,user443@gmail.com
444,user444@gmail.com
445,user445@gmail.com
446,user446@gmail.com
447,user447@gmail.com
448,user448@gmail.com
449,user449@gmail.com
450,user450@gmail.com
451,user451@gmail.com
452,user452@gmail.com
453,user453@gmail.com
454,user454@gmail.com
455,user455@gmail.com
456,user456@gmail.com
457,user457@gmail.com
458,user458@gmail.com
459,user459@gmail.com
460,user460@gmail.com
461,user461@gmail.com
462,user462@gmail.com
463,user463@gmail.com
464,user464@gmail.com
465,user465@gmail.com
466,user466@gmail.com
467,user467@gmail.com
468,user468@gmail.com
469,user469@gmail.com
470,user470@gmail.com
471,user471@gmail.com
472,user472@gmail.com
473,user473@gmail.com
474,user474@gmail.com
475,user475@gmail.com
476,user476@gmail.com
477,user477@gmail.com
478,user478@gmail.com
479,user479@gmail.com
480,user480@gmail.com
481,user481@gmail.com
482,user482@gmail.com
483,user483@gmail.com
484,user484@gmail.com
485,user485@gmail.com
486,user486@gmail.com
487,user487@gmail.com
488,user488@gmail.com
489,user489@gmail.com
490,user490@gmail.com
491,user491@gmail.com
492,user492@gmail.com
493,user493@gmail.com
494,user494@gmail.com
495,user495@gmail.com
496,user496@gmail.com
497,user497@gmail.com
498,user498@gmail.com
499,user499@gmail.com
500,user500@gmail.com
501,user501@gmail.com
502,user502@gmail.com
503,user503@gmail.com
504,user504@gmail.com
505,user505@gmail.com
506,user506@gmail.com
507,user507@gmail.com
508,user508@gmail.com
509,user509@gmail.com
510,user510@gmail.com
511,user511@gmail.com
512,user512@gmail.com
513,user513@gmail.com
514,user514@gmail.com
515,user515@gmail.com
516,user516@gmail.com
517,user517@gmail.com
518,user518@gmail.com
519,user519@gmail.com
520,user520@gmail.com
521,user521@gmail.com
522,user522@gmail.com
523,user523@gmail.com
524,user524@gmail.com
525,user525@gmail.com
526,user526@gmail.com
527,user527@gmail.com
528,user528@gmail.com
529,user529@gmail.com
530,user530@gmail.com
531,user531@gmail.com
532,user532@gmail.com
533,user533@gmail.com
534,user534@gmail.com
535,user535@gmail.com
536,user536@gmail.com
537,user537@gmail.com
538,user538@gmail.com
539,user539@gmail.com
540,user540@gmail.com
541,user541@gmail.com
542,user542@gmail.com
543,user543@gmail.com
544,user544@gmail.com
545,user545@gmail.com
546,user546@gmail.com
547,user547@gmail.com
548,user548@gmail.com
549,user549@gmail.com
550,user550@gmail.com
551,user551@gmail.com
552,user552@gmail.com
553,user553@gmail.com
554,user554@gmail.com
555,user555@gmail.com
556,user556@gmail.com
557,user557@gmail.com
558,user558@gmail.com
559,user559@gmail.com
560,user560@gmail.com
561,user561@gmail.com
562,user562@gmail.com
563,user563@gmail.com
564,user564@gmail.com
565,user565@gmail.com
566,user566@gmail.com
567,user567@gmail.com
568,user568@gmail.com
569,user569@gmail.com
570,user570@gmail.com
571,user571@gmail.com
572,user572@gmail.com
573,user573@gmail.com
574,user574@gmail.com
575,user575@gmail.com
576,user576@gmail.com
577,user577@gmail.com
578,user578@gmail.com
579,user579@gmail.com
580,user580@gmail.com
581,user581@gmail.com
582,user582@gmail.com
583,user583@gmail.com
584,user584@gmail.com
585,user585@gmail.com
586,user586@gmail.com
587,user587@gmail.com
588,user588@gmail.com
589,user589@gmail.com
590,user590@gmail.com
591,user591@gmail.com
592,user592@gmail.com
593,user593@gmail.com
594,user594@gmail.com
595,user595@gmail.com
596,user596@gmail.com
597,user597@gmail.com
598,user598@gmail.com
599,user599@gmail.com
600,user600@gmail.com
601,user601@gmail.com
602,user602@gmail.com
603,user603@gmail.com
604,user604@gmail.com
605,user605@gmail.com
606,user606@gmail.com
607,user607@gmail.com
608,user608@gmail.com
609,user609@gmail.com
610,user610@gmail.com
611,user611@gmail.com
612,user612@gmail.com
613,user613@gmail.com
614,user614@gmail.com
615,user615@gmail.com
616,user616@gmail.com
617,user617@gmail.com
618,user618@gmail.com
619,user619@gmail.com
620,user620@gmail.com
621,user621@gmail.com
622,user622@gmail.com
623,user623@gmail.com
624,user624@gmail.com
625,user625@gmail.com
626,user626@gmail.com
627,user627@gmail.com
628,user628@gmail.com
629,user629@gmail.com
630,user630@gmail.com
631,user631@gmail.com
632,user632@gmail.com
633,user633@gmail.com
634,user634@gmail.com
635,user635@gmail.com
636,user636@gmail.com
637,user637@gmail.com
638,user638@gmail.com
639,user639@gmail.com
640,user640@gmail.com
641,user641@gmail.com
642,user642@gmail.com
643,user643@gmail.com
644,user644@gmail.com
645,user645@gmail.com
646,user646@gmail.com
647,user647@gmail.com
648,user648@gmail.com
649,user649@gmail.com
650,user650@gmail.com
651,user651@gmail.com
652,user652@gmail.com
653,user653@gmail.com
654,user654@gmail.com
655,user655@gmail.com
656,user656@gmail.com
657,user657@gmail.com
658,user658@gmail.com
659,user659@gmail.com
660,user660@gmail.com
661,user661@gmail.com
662,user662@gmail.com
663,user663@gmail.com
664,user664@gmail.com
665,user665@gmail.com
666,user666@gmail.com
667,user667@gmail.com
668,user668@gmail.com
669,user669@gmail.com
670,user670@gmail.com
671,user671@gmail.com
672,user672@gmail.com
673,user673@gmail.com
674,user674@gmail.com
675,user675@gmail.com
676,user676@gmail.com
677,user677@gmail.com
678,user678@gmail.com
679,user679@gmail.com
680,user680@gmail.com
681,user681@gmail.com
682,user682@gmail.com
683,user683@gmail.com
684,user684@gmail.com
685,user685@gmail.com
686,user686@gmail.com
687,user687@gmail.com
688,user688@gmail.com
689,user689@gmail.com
690,user690@gmail.com
691,user691@gmail.com
692,user692@gmail.com
693,user693@gmail.com
694,user694@gmail.com
695,user695@gmail.com
696,user696@gmail.com
697,user697@gmail.com
698,user698@gmail.com
699,user699@gmail.com
700,user700@gmail.com
701,user701@gmail.com
702,user702@gmail.com
703,user703@gmail.com
704,user704@gmail.com
705,user705@gmail.com
706,user706@gmail.com
707,user707@gmail.com
708,user708@gmail.com
709,user709@gmail.com
710,user710@gmail.com
711,user711@gmail.com
712,user712@gmail.com
713,user713@gmail.com
714,user714@gmail.com
715,user715@gmail.com
716,user716@gmail.com
717,user717@gmail.com
718,user718@gmail.com
719,user719@gmail.com
720,user720@gmail.com
721,user721@gmail.com
722,user722@gmail.com
723,user723@gmail.com
724,user724@gmail.com
725,user725@gmail.com
726,user726@gmail.com
727,user727@gmail.com
728,user728@gmail.com
729,user729@gmail.com
730,user730@gmail.com
731,user731@gmail.com
732,user732@gmail.com
733,user733@gmail.com
734,user734@gmail.com
735,user735@gmail.com
736,user736@gmail.com
737,user737@gmail.com
738,user738@gmail.com
739,user739@gmail.com
740,user740@gmail.com
741,user741@gmail.com
742,user742@gmail.com
743,user743@gmail.com
744,user744@gmail.com
745,user745@gmail.com
746,user746@gmail.com
747,user747@gmail.com
748,user748@gmail.com
749,user749@gmail.com
750,user750@gmail.com
751,user751@gmail.com
752,user752@gmail.com
753,user753@gmail.com
754,user754@gmail.com
755,user755@gmail.com
756,user756@gmail.com
757,user757@gmail.com
758,user758@gmail.com
759,user759@gmail.com
760,user760@gmail.com
761,user761@gmail.com
762,user762@gmail.com
763,user763@gmail.com
764,user764@gmail.com
765,user765@gmail.com
766,user766@gmail.com
767,user767@gmail.com
768,user768@gmail.com
769,user769@gmail.com
770,user770@gmail.com
771,user771@gmail.com
772,user772@gmail.com
773,user773@gmail.com
774,user774@gmail.com
775,user775@gmail.com
776,user776@gmail.com
777,user777@gmail.com
778,user778@gmail.com
779,user779@gmail.com
780,user780@gmail.com
781,user781@gmail.com
782,user782@gmail.com
783,user783@gmail.com
784,user784@gmail.com
785,user785@gmail.com
786,user786@gmail.com
787,user787@gmail.com
788,user788@gmail.com
789,user789@gmail.com
790,user790@gmail.com
791,user791@gmail.com
792,user792@gmail.com
793,user793@gmail.com
794,user794@gmail.com
795,user795@gmail.com
796,user796@gmail.com
797,user797@gmail.com
798,user798@gmail.com
799,user799@gmail.com
800,user800@gmail.com
801,user801@gmail.com
802,user802@gmail.com
803,user803@gmail.com
804,user804@gmail.com
805,user805@gmail.com
806,user806@gmail.com
807,user807@gmail.com
808,user808@gmail.com
809,user809@gmail.com
810,user810@gmail.com
811,user811@gmail.com
812,user812@gmail.com
813,user813@gmail.com
814,user814@gmail.com
815,user815@gmail.com
816,user816@gmail.com
817,user817@gmail.com
818,user818@gmail.com
819,user819@gmail.com
820,user820@gmail.com
821,user821@gmail.com
822,user822@gmail.com
823,user823@gmail.com
824,user824@gmail.com
825,user825@gmail.com
826,user826@gmail.com
827,user827@gmail.com
828,user828@gmail.com
829,user829@gmail.com
830,user830@gmail.com
831,user831@gmail.com
832,user832@gmail.com
833,user833@gmail.com
834,user834@gmail.com
835,user835@gmail.com
836,user836@gmail.com
837,user837@gmail.com
838,user838@gmail.com
839,user839@gmail.com
840,user840@gmail.com
841,user841@gmail.com
842,user842@gmail.com
843,user843@gmail.com
844,user844@gmail.com
845,user845@gmail.com
846,user846@gmail.com
847,user847@gmail.com
848,user848@gmail.com
849,user849@gmail.com
850,user850@gmail.com
851,user851@gmail.com
852,user852@gmail.com
853,user853@gmail.com
854,user854@gmail.com
855,user855@gmail.com
856,user856@gmail.com
857,user857@gmail.com
858,user858@gmail.com
859,user859@gmail.com
860,user860@gmail.com
861,user861@gmail.com
862,user862@gmail.com
863,user863@gmail.com
864,user864@gmail.com
865,user865@gmail.com
866,user866@gmail.com
867,user867@gmail.com
868,user868@gmail.com
869,user869@gmail.com
870,user870@gmail.com
871,user871@gmail.com
872,user872@gmail.com
873,user873@gmail.com
874,user874@gmail.com
875,user875@gmail.com
876,user876@gmail.com
877,user877@gmail.com
878,user878@gmail.com
879,user879@gmail.com
880,user880@gmail.com
881,user881@gmail.com
882,user882@gmail.com
883,user883@gmail.com
884,user884@gmail.com
885,user885@gmail.com
886,user886@gmail.com
887,user887@gmail.com
888,user888@gmail.com
889,user889@gmail.com
890,user890@gmail.com
891,user891@gmail.com
892,user892@gmail.com
893,user893@gmail.com
894,user894@gmail.com
895,user895@gmail.com
896,user896@gmail.com
897,user897@gmail.com
898,user898@gmail.com
899,user899@gmail.com
900,user900@gmail.com
901,user901@gmail.com
902,user902@gmail.com
903,user903@gmail.com
904,user904@gmail.com
905,user905@gmail.com
906,user906@gmail.com
907,user907@gmail.com
908,user908@gmail.com
909,user909@gmail.com
910,user910@gmail.com
911,user911@gmail.com
912,user912@gmail.com
913,user913@gmail.com
914,user914@gmail.com
915,user915@gmail.com
916,user916@gmail.com
917,user917@gmail.com
918,user918@gmail.com
919,user919@gmail.com
920,user920@gmail.com
921,user921@gmail.com
922,user922@gmail.com
923,user923@gmail.com
924,user924@gmail.com
925,user925@gmail.com
926,user926@gmail.com
927,user927@gmail.com
928,user928@gmail.com
929,user929@gmail.com
930,user930@gmail.com
931,user931@gmail.com
932,user932@gmail.com
933,user933@gmail.com
934,user934@gmail.com
935,user935@gmail.com
936,user936@gmail.com
937,user937@gmail.com
938,user938@gmail.com
939,user939@gmail.com
940,user940@gmail.com
941,user941@gmail.com
942,user942@gmail.com
943,user943@gmail.com
944,user944@gmail.com
945,user945@gmail.com
946,user946@gmail.com
947,user947@gmail.com
948,user948@gmail.com
949,user949@gmail.com
950,user950@gmail.com
951,user951@gmail.com
952,user952@gmail.com
953,user953@gmail.com
954,user954@gmail.com
955,user955@gmail.com
956,user956@gmail.com
957,user957@gmail.com
958,user958@gmail.com
959,user959@gmail.com
960,user960@gmail.com
961,user961@gmail.com
962,user962@gmail.com
963,user963@gmail.com
964,user964@gmail.com
965,user965@gmail.com
966,user966@gmail.com
967,user967@gmail.com
968,user968@gmail.com
969,user969@gmail.com
970,user970@gmail.com
971,user971@gmail.com
972,user972@gmail.com
973,user973@gmail.com
974,user974@gmail.com
975,user975@gmail.com
976,user976@gmail.com
977,user977@gmail.com
978,user978@gmail.com
979,user979@gmail.com
980,user980@gmail.com
981,user981@gmail.com
982,user982@gmail.com
983,user983@gmail.com
984,user984@gmail.com
985,user985@gmail.com
986,user986@gmail.com
987,user987@gmail.com
988,user988@gmail.com
989,user989@gmail.com
990,user990@gmail.com
991,user991@gmail.com
992,user992@gmail.com
993,user993@gmail.com
994,user994@gmail.com
995,user995@gmail.com
996,user996@gmail.com
997,user997@gmail.com
998,user998@gmail.com
999,user999@gmail.com
1000,user1000@gmail.com
1001,user1001@gmail.com
1002,user1002@gmail.com
1003,user1003@gmail.com
1004,user1004@gmail.com
1005,user1005@gmail.com
1006,user1006@gmail.com
1007,user1007@gmail.com
1008,user1008@gmail.com
1009,user1009@gmail.com
1010,user1010@gmail.com
1011,user1011@gmail.com
1012,user1012@gmail.com
1013,user1013@gmail.com
1014,user1014@gmail.com
1015,user1015@gmail.com
1016,user1016@gmail.com
1017,user1017@gmail.com
1018,user1018@gmail.com
1019,user1019@gmail.com
1020,user1020@gmail.com
1021,user1021@gmail.com
1022,user1022@gmail.com
1023,user1023@gmail.com
1024,user1024@gmail.com
1025,user1025@gmail.com
1026,user1026@gmail.com
1027,user1027@gmail.com
1028,user1028@gmail.com
1029,user1029@gmail.com
1030,user1030@gmail.com
1031,user1031@gmail.com
1032,user1032@gmail.com
1033,user1033@gmail.com
1034,user1034@gmail.com
1035,user1035@gmail.com
1036,user1036@gmail.com
1037,user1037@gmail.com
1038,user1038@gmail.com
1039,user1039@gmail.com
1040,user1040@gmail.com
1041,user1041@gmail.com
1042,user1042@gmail.com
1043,user1043@gmail.com
1044,user1044@gmail.com
1045,user1045@gmail.com
1046,user1046@gmail.com
1047,user1047@gmail.com
1048,user1048@gmail.com
1049,user1049@gmail.com
1050,user1050@gmail.com
1051,user1051@gmail.com
1052,user1052@gmail.com
1053,user1053@gmail.com
1054,user1054@gmail.com
1055,user1055@gmail.com
1056,user1056@gmail.com
1057,user1057@gmail.com
1058,user1058@gmail.com
1059,user1059@gmail.com
1060,user1060@gmail.com
1061,user1061@gmail.com
1062,user1062@gmail.com
1063,user1063@gmail.com
1064,user1064@gmail.com
1065,user1065@gmail.com
1066,user1066@gmail.com
1067,user1067@gmail.com
1068,user1068@gmail.com
1069,user1069@gmail.com
1070,user1070@gmail.com
1071,user1071@gmail.com
1072,user1072@gmail.com
1073,user1073@gmail.com
1074,user1074@gmail.com
1075,user1075@gmail.com
1076,user1076@gmail.com
1077,user1077@gmail.com
1078,user1078@gmail.com
1079,user1079@gmail.com
1080,user1080@gmail.com
1081,user1081@gmail.com
1082,user1082@gmail.com
1083,user1083@gmail.com
1084,user1084@gmail.com
1085,user1085@gmail.com
1086,user1086@gmail.com
1087,user1087@gmail.com
1088,user1088@gmail.com
1089,user1089@gmail.com
1090,user1090@gmail.com
1091,user1091@gmail.com
1092,user1092@gmail.com
1093,user1093@gmail.com
1094,user1094@gmail.com
1095,user1095@gmail.com
1096,user1096@gmail.com
1097,user1097@gmail.com
1098,user1098@gmail.com
1099,user1099@gmail.com
1100,user1100@gmail.com
1101,user1101@gmail.com
1102,user1102@gmail.com
1103,user1103@gmail.com
1104,user1104@gmail.com
1105,user1105@gmail.com
1106,user1106@gmail.com
1107,user1107@gmail.com
1108,user1108@gmail.com
1109,user1109@gmail.com
1110,user1110@gmail.com
1111,user1111@gmail.com
1112,user1112@gmail.com
1113,user1113@gmail.com
1114,user1114@gmail.com
1115,user1115@gmail.com
1116,user1116@gmail.com
1117,user1117@gmail.com
1118,user1118@gmail.com
1119,user1119@gmail.com
1120,user1120@gmail.com
1121,user1121@gmail.com
1122,user1122@gmail.com
1123,user1123@gmail.com
1124,user1124@gmail.com
1125,user1125@gmail.com
1126,user1126@gmail.com
1127,user1127@gmail.com
1128,user1128@gmail.com
1129,user1129@gmail.com
1130,user1130@gmail.com
1131,user1131@gmail.com
1132,user1132@gmail.com
1133,user1133@gmail.com
1134,user1134@gmail.com
1135,user1135@gmail.com
1136,user1136@gmail.com
1137,user1137@gmail.com
1138,user1138@gmail.com
1139,user1139@gmail.com
1140,user1140@gmail.com
1141,user1141@gmail.com
1142,user1142@gmail.com
1143,user1143@gmail.com
1144,user1144@gmail.com
1145,user1145@gmail.com
1146,user1146@gmail.com
1147,user1147@gmail.com
1148,user1148@gmail.com
1149,user1149@gmail.com
1150,user1150@gmail.com
1151,user1151@gmail.com
1152,user1152@gmail.com
1153,user1153@gmail.com
1154,user1154@gmail.com
1155,user1155@gmail.com
1156,user1156@gmail.com
1157,user1157@gmail.com
1158,user1158@gmail.com
1159,user1159@gmail.com
1160,user1160@gmail.com
1161,user1161@gmail.com
1162,user1162@gmail.com
1163,user1163@gmail.com
1164,user1164@gmail.com
1165,user1165@gmail.com
1166,user1166@gmail.com
1167,user1167@gmail.com
1168,user1168@gmail.com
1169,user1169@gmail.com
1170,user1170@gmail.com
1171,user1171@gmail.com
1172,user1172@gmail.com
1173,user1173@gmail.com
1174,user1174@gmail.com
1175,user1175@gmail.com
1176,user1176@gmail.com
1177,user1177@gmail.com
1178,user1178@gmail.com
1179,user1179@gmail.com
1180,user1180@gmail.com
1181,user1181@gmail.com
1182,user1182@gmail.com
1183,user1183@gmail.com
1184,user1184@gmail.com
1185,user1185@gmail.com
1186,user1186@gmail.com
1187,user1187@gmail.com
1188,user1188@gmail.com
1189,user1189@gmail.com
1190,user1190@gmail.com
1191,user1191@gmail.com
1192,user1192@gmail.com
1193,user1193@gmail.com
1194,user1194@gmail.com
1195,user1195@gmail.com
1196,user1196@gmail.com
1197,user1197@gmail.com
1198,user1198@gmail.com
1199,user1199@gmail.com
1200,user1200@gmail.com
1201,user1201@gmail.com
1202,user1202@gmail.com
1203,user1203@gmail.com
1204,user1204@gmail.com
1205,user1205@gmail.com
1206,user1206@gmail.com
1207,user1207@gmail.com
1208,user1208@gmail.com
1209,user1209@gmail.com
1210,user1210@gmail.com
1211,user1211@gmail.com
1212,user1212@gmail.com
1213,user1213@gmail.com
1214,user1214@gmail.com
1215,user1215@gmail.com
1216,user1216@gmail.com
1217,user1217@gmail.com
1218,user1218@gmail.com
1219,user1219@gmail.com
1220,user1220@gmail.com
1221,user1221@gmail.com
1222,user1222@gmail.com
1223,user1223@gmail.com
1224,user1224@gmail.com
1225,user1225@gmail.com
1226,user1226@gmail.com
1227,user1227@gmail.com
1228,user1228@gmail.com
1229,user1229@gmail.com
1230,user1230@gmail.com
1231,user1231@gmail.com
1232,user1232@gmail.com
1233,user1233@gmail.com
1234,user1234@gmail.com
1235,user1235@gmail.com
1236,user1236@gmail.com
1237,user1237@gmail.com
1238,user1238@gmail.com
1239,user1239@gmail.com
1240,user1240@gmail.com
1241,user1241@gmail.com
1242,user1242@gmail.com
1243,user1243@gmail.com
1244,user1244@gmail.com
1245,user1245@gmail.com
1246,user1246@gmail.com
1247,user1247@gmail.com
1248,user1248@gmail.com
1249,user1249@gmail.com
1250,user1250@gmail.com
1251,user1251@gmail.com
1252,user1252@gmail.com
1253,user1253@gmail.com
1254,user1254@gmail.com
1255,user1255@gmail.com
1256,user1256@gmail.com
1257,user1257@gmail.com
1258,user1258@gmail.com
1259,user1259@gmail.com
1260,user1260@gmail.com
1261,user1261@gmail.com
1262,user1262@gmail.com
1263,user1263@gmail.com
1264,user1264@gmail.com
1265,user1265@gmail.com
1266,user1266@gmail.com
1267,user1267@gmail.com
1268,user1268@gmail.com
1269,user1269@gmail.com
1270,user1270@gmail.com
1271,user1271@gmail.com
1272,user1272@gmail.com
1273,user1273@gmail.com